[
  {
    "period": 1000,
    "numbers": [
      7,
      13,
      29,
      45,
      47,
      48
    ]
  },
  {
    "period": 1001,
    "numbers": [
      19,
      21,
      28,
      33,
      34,
      39
    ]
  },
  {
    "period": 1002,
    "numbers": [
      21,
      22,
      25,
      42,
      44,
      46
    ]
  },
  {
    "period": 1003,
    "numbers": [
      23,
      34,
      36,
      37,
      39,
      44
    ]
  },
  {
    "period": 1004,
    "numbers": [
      2,
      5,
      24,
      25,
      35,
      49
    ]
  },
  {
    "period": 1005,
    "numbers": [
      9,
      23,
      24,
      38,
      43,
      44
    ]
  },
  {
    "period": 1006,
    "numbers": [
      5,
      10,
      13,
      33,
      45,
      47
    ]
  },
  {
    "period": 1007,
    "numbers": [
      8,
      10,
      24,
      27,
      35,
      48
    ]
  },
  {
    "period": 1008,
    "numbers": [
      2,
      8,
      18,
      19,
      29,
      33
    ]
  },
  {
    "period": 1009,
    "numbers": [
      10,
      14,
      15,
      27,
      31,
      32
    ]
  },
  {
    "period": 1010,
    "numbers": [
      9,
      14,
      23,
      27,
      31,
      46
    ]
  },
  {
    "period": 1011,
    "numbers": [
      1,
      14,
      17,
      18,
      28,
      30
    ]
  },
  {
    "period": 1012,
    "numbers": [
      8,
      9,
      11,
      19,
      26,
      35
    ]
  },
  {
    "period": 1013,
    "numbers": [
      3,
      7,
      16,
      18,
      34,
      46
    ]
  },
  {
    "period": 1014,
    "numbers": [
      2,
      11,
      24,
      37,
      38,
      39
    ]
  },
  {
    "period": 1015,
    "numbers": [
      3,
      7,
      18,
      31,
      32,
      35
    ]
  },
  {
    "period": 1016,
    "numbers": [
      9,
      24,
      28,
      30,
      34,
      45
    ]
  },
  {
    "period": 1017,
    "numbers": [
      7,
      9,
      20,
      32,
      34,
      43
    ]
  },
  {
    "period": 1018,
    "numbers": [
      5,
      6,
      35,
      37,
      41,
      42
    ]
  },
  {
    "period": 1019,
    "numbers": [
      16,
      25,
      31,
      33,
      39,
      40
    ]
  },
  {
    "period": 1020,
    "numbers": [
      1,
      11,
      22,
      25,
      26,
      49
    ]
  },
  {
    "period": 1021,
    "numbers": [
      8,
      10,
      24,
      27,
      28,
      32
    ]
  },
  {
    "period": 1022,
    "numbers": [
      3,
      6,
      11,
      36,
      38,
      43
    ]
  },
  {
    "period": 1023,
    "numbers": [
      2,
      4,
      12,
      32,
      33,
      39
    ]
  },
  {
    "period": 1024,
    "numbers": [
      6,
      16,
      28,
      29,
      30,
      41
    ]
  },
  {
    "period": 1025,
    "numbers": [
      15,
      26,
      28,
      29,
      46,
      49
    ]
  },
  {
    "period": 1026,
    "numbers": [
      15,
      16,
      19,
      36,
      43,
      46
    ]
  },
  {
    "period": 1027,
    "numbers": [
      15,
      20,
      22,
      25,
      30,
      35
    ]
  },
  {
    "period": 1028,
    "numbers": [
      21,
      22,
      24,
      30,
      34,
      45
    ]
  },
  {
    "period": 1029,
    "numbers": [
      1,
      5,
      7,
      20,
      37,
      43
    ]
  },
  {
    "period": 1030,
    "numbers": [
      6,
      16,
      22,
      23,
      37,
      49
    ]
  },
  {
    "period": 1031,
    "numbers": [
      7,
      12,
      30,
      34,
      38,
      46
    ]
  },
  {
    "period": 1032,
    "numbers": [
      1,
      9,
      45,
      46,
      47,
      49
    ]
  },
  {
    "period": 1033,
    "numbers": [
      6,
      8,
      12,
      34,
      39,
      49
    ]
  },
  {
    "period": 1034,
    "numbers": [
      2,
      7,
      11,
      12,
      20,
      27
    ]
  },
  {
    "period": 1035,
    "numbers": [
      1,
      11,
      12,
      16,
      41,
      43
    ]
  },
  {
    "period": 1036,
    "numbers": [
      7,
      12,
      17,
      32,
      33,
      43
    ]
  },
  {
    "period": 1037,
    "numbers": [
      1,
      14,
      42,
      45,
      48,
      49
    ]
  },
  {
    "period": 1038,
    "numbers": [
      3,
      10,
      17,
      23,
      31,
      36
    ]
  },
  {
    "period": 1039,
    "numbers": [
      12,
      17,
      23,
      33,
      36,
      45
    ]
  },
  {
    "period": 1040,
    "numbers": [
      5,
      9,
      16,
      18,
      34,
      36
    ]
  },
  {
    "period": 1041,
    "numbers": [
      3,
      19,
      25,
      41,
      43,
      44
    ]
  },
  {
    "period": 1042,
    "numbers": [
      9,
      17,
      24,
      30,
      37,
      44
    ]
  },
  {
    "period": 1043,
    "numbers": [
      13,
      19,
      29,
      38,
      43,
      48
    ]
  },
  {
    "period": 1044,
    "numbers": [
      1,
      2,
      8,
      20,
      21,
      30
    ]
  },
  {
    "period": 1045,
    "numbers": [
      2,
      21,
      23,
      30,
      32,
      40
    ]
  },
  {
    "period": 1046,
    "numbers": [
      6,
      10,
      16,
      23,
      31,
      44
    ]
  },
  {
    "period": 1047,
    "numbers": [
      1,
      7,
      20,
      21,
      24,
      40
    ]
  },
  {
    "period": 1048,
    "numbers": [
      4,
      14,
      16,
      26,
      34,
      42
    ]
  },
  {
    "period": 1049,
    "numbers": [
      26,
      35,
      40,
      41,
      43,
      45
    ]
  },
  {
    "period": 1050,
    "numbers": [
      2,
      5,
      12,
      35,
      39,
      40
    ]
  },
  {
    "period": 1051,
    "numbers": [
      11,
      35,
      39,
      40,
      48,
      49
    ]
  },
  {
    "period": 1052,
    "numbers": [
      14,
      15,
      31,
      32,
      43,
      49
    ]
  },
  {
    "period": 1053,
    "numbers": [
      11,
      21,
      30,
      31,
      33,
      41
    ]
  },
  {
    "period": 1054,
    "numbers": [
      3,
      11,
      12,
      22,
      26,
      48
    ]
  },
  {
    "period": 1055,
    "numbers": [
      6,
      14,
      27,
      28,
      36,
      41
    ]
  },
  {
    "period": 1056,
    "numbers": [
      9,
      10,
      12,
      25,
      33,
      37
    ]
  },
  {
    "period": 1057,
    "numbers": [
      3,
      6,
      7,
      17,
      24,
      30
    ]
  },
  {
    "period": 1058,
    "numbers": [
      7,
      11,
      18,
      24,
      29,
      44
    ]
  },
  {
    "period": 1059,
    "numbers": [
      1,
      5,
      13,
      23,
      24,
      45
    ]
  },
  {
    "period": 1060,
    "numbers": [
      2,
      3,
      6,
      13,
      31,
      43
    ]
  },
  {
    "period": 1061,
    "numbers": [
      6,
      22,
      34,
      37,
      38,
      46
    ]
  },
  {
    "period": 1062,
    "numbers": [
      9,
      17,
      23,
      24,
      31,
      32
    ]
  },
  {
    "period": 1063,
    "numbers": [
      10,
      25,
      30,
      38,
      43,
      47
    ]
  },
  {
    "period": 1064,
    "numbers": [
      18,
      19,
      27,
      35,
      41,
      49
    ]
  },
  {
    "period": 1065,
    "numbers": [
      1,
      3,
      4,
      7,
      26,
      37
    ]
  },
  {
    "period": 1066,
    "numbers": [
      12,
      15,
      16,
      17,
      33,
      46
    ]
  },
  {
    "period": 1067,
    "numbers": [
      5,
      14,
      20,
      24,
      41,
      45
    ]
  },
  {
    "period": 1068,
    "numbers": [
      16,
      19,
      23,
      26,
      27,
      41
    ]
  },
  {
    "period": 1069,
    "numbers": [
      4,
      6,
      8,
      20,
      21,
      31
    ]
  },
  {
    "period": 1070,
    "numbers": [
      9,
      15,
      34,
      38,
      48,
      49
    ]
  },
  {
    "period": 1071,
    "numbers": [
      4,
      8,
      11,
      13,
      21,
      28
    ]
  },
  {
    "period": 1072,
    "numbers": [
      3,
      5,
      10,
      16,
      24,
      29
    ]
  },
  {
    "period": 1073,
    "numbers": [
      10,
      14,
      18,
      28,
      37,
      44
    ]
  },
  {
    "period": 1074,
    "numbers": [
      9,
      10,
      21,
      25,
      34,
      37
    ]
  },
  {
    "period": 1075,
    "numbers": [
      12,
      24,
      25,
      36,
      44,
      49
    ]
  },
  {
    "period": 1076,
    "numbers": [
      19,
      24,
      31,
      38,
      40,
      45
    ]
  },
  {
    "period": 1077,
    "numbers": [
      4,
      7,
      11,
      16,
      37,
      43
    ]
  },
  {
    "period": 1078,
    "numbers": [
      3,
      9,
      24,
      27,
      30,
      45
    ]
  },
  {
    "period": 1079,
    "numbers": [
      6,
      10,
      24,
      28,
      44,
      47
    ]
  },
  {
    "period": 1080,
    "numbers": [
      1,
      11,
      12,
      22,
      31,
      39
    ]
  },
  {
    "period": 1081,
    "numbers": [
      16,
      19,
      23,
      28,
      30,
      44
    ]
  },
  {
    "period": 1082,
    "numbers": [
      13,
      30,
      32,
      41,
      44,
      47
    ]
  },
  {
    "period": 1083,
    "numbers": [
      10,
      25,
      26,
      28,
      44,
      48
    ]
  },
  {
    "period": 1084,
    "numbers": [
      10,
      23,
      24,
      26,
      47,
      48
    ]
  },
  {
    "period": 1085,
    "numbers": [
      1,
      3,
      5,
      15,
      21,
      32
    ]
  },
  {
    "period": 1086,
    "numbers": [
      11,
      36,
      40,
      44,
      47,
      48
    ]
  },
  {
    "period": 1087,
    "numbers": [
      10,
      20,
      30,
      33,
      43,
      45
    ]
  },
  {
    "period": 1088,
    "numbers": [
      3,
      6,
      8,
      37,
      46,
      49
    ]
  },
  {
    "period": 1089,
    "numbers": [
      4,
      6,
      8,
      33,
      37,
      41
    ]
  },
  {
    "period": 1090,
    "numbers": [
      7,
      14,
      19,
      24,
      28,
      46
    ]
  },
  {
    "period": 1091,
    "numbers": [
      6,
      10,
      13,
      17,
      21,
      30
    ]
  },
  {
    "period": 1092,
    "numbers": [
      9,
      17,
      19,
      31,
      33,
      35
    ]
  },
  {
    "period": 1093,
    "numbers": [
      4,
      18,
      26,
      30,
      45,
      48
    ]
  },
  {
    "period": 1094,
    "numbers": [
      2,
      5,
      13,
      15,
      30,
      35
    ]
  },
  {
    "period": 1095,
    "numbers": [
      1,
      18,
      20,
      21,
      22,
      29
    ]
  },
  {
    "period": 1096,
    "numbers": [
      10,
      15,
      16,
      22,
      37,
      44
    ]
  },
  {
    "period": 1097,
    "numbers": [
      14,
      16,
      21,
      28,
      31,
      32
    ]
  },
  {
    "period": 1098,
    "numbers": [
      10,
      16,
      32,
      33,
      42,
      47
    ]
  },
  {
    "period": 1099,
    "numbers": [
      18,
      19,
      26,
      27,
      33,
      44
    ]
  },
  {
    "period": 1100,
    "numbers": [
      5,
      24,
      36,
      39,
      42,
      48
    ]
  },
  {
    "period": 1101,
    "numbers": [
      7,
      9,
      17,
      18,
      24,
      34
    ]
  },
  {
    "period": 1102,
    "numbers": [
      7,
      9,
      12,
      17,
      24,
      27
    ]
  },
  {
    "period": 1103,
    "numbers": [
      2,
      22,
      34,
      35,
      40,
      48
    ]
  },
  {
    "period": 1104,
    "numbers": [
      3,
      7,
      10,
      32,
      33,
      43
    ]
  },
  {
    "period": 1105,
    "numbers": [
      12,
      15,
      28,
      35,
      36,
      46
    ]
  },
  {
    "period": 1106,
    "numbers": [
      4,
      14,
      17,
      21,
      34,
      37
    ]
  },
  {
    "period": 1107,
    "numbers": [
      8,
      22,
      33,
      36,
      47,
      49
    ]
  },
  {
    "period": 1108,
    "numbers": [
      1,
      2,
      13,
      34,
      38,
      44
    ]
  },
  {
    "period": 1109,
    "numbers": [
      2,
      11,
      15,
      20,
      28,
      34
    ]
  },
  {
    "period": 1110,
    "numbers": [
      7,
      13,
      19,
      22,
      25,
      45
    ]
  },
  {
    "period": 1111,
    "numbers": [
      2,
      3,
      10,
      20,
      32,
      44
    ]
  },
  {
    "period": 1112,
    "numbers": [
      3,
      8,
      11,
      14,
      32,
      34
    ]
  },
  {
    "period": 1113,
    "numbers": [
      8,
      14,
      15,
      20,
      23,
      42
    ]
  },
  {
    "period": 1114,
    "numbers": [
      3,
      7,
      19,
      20,
      26,
      49
    ]
  },
  {
    "period": 1115,
    "numbers": [
      11,
      31,
      42,
      43,
      47,
      49
    ]
  },
  {
    "period": 1116,
    "numbers": [
      4,
      7,
      28,
      35,
      41,
      47
    ]
  },
  {
    "period": 1117,
    "numbers": [
      1,
      3,
      18,
      30,
      34,
      43
    ]
  },
  {
    "period": 1118,
    "numbers": [
      10,
      17,
      22,
      27,
      31,
      46
    ]
  },
  {
    "period": 1119,
    "numbers": [
      4,
      11,
      19,
      24,
      25,
      49
    ]
  },
  {
    "period": 1120,
    "numbers": [
      25,
      28,
      30,
      38,
      39,
      46
    ]
  },
  {
    "period": 1121,
    "numbers": [
      4,
      6,
      32,
      34,
      38,
      46
    ]
  },
  {
    "period": 1122,
    "numbers": [
      11,
      23,
      25,
      37,
      39,
      47
    ]
  },
  {
    "period": 1123,
    "numbers": [
      1,
      27,
      34,
      35,
      38,
      43
    ]
  },
  {
    "period": 1124,
    "numbers": [
      3,
      8,
      11,
      12,
      26,
      34
    ]
  },
  {
    "period": 1125,
    "numbers": [
      1,
      7,
      12,
      26,
      28,
      41
    ]
  },
  {
    "period": 1126,
    "numbers": [
      1,
      6,
      22,
      26,
      28,
      45
    ]
  },
  {
    "period": 1127,
    "numbers": [
      3,
      10,
      26,
      33,
      42,
      44
    ]
  },
  {
    "period": 1128,
    "numbers": [
      3,
      27,
      33,
      40,
      41,
      48
    ]
  },
  {
    "period": 1129,
    "numbers": [
      1,
      4,
      7,
      11,
      21,
      45
    ]
  },
  {
    "period": 1130,
    "numbers": [
      9,
      17,
      22,
      30,
      41,
      46
    ]
  },
  {
    "period": 1131,
    "numbers": [
      6,
      8,
      16,
      25,
      34,
      39
    ]
  },
  {
    "period": 1132,
    "numbers": [
      1,
      21,
      24,
      28,
      33,
      38
    ]
  },
  {
    "period": 1133,
    "numbers": [
      8,
      23,
      25,
      31,
      38,
      43
    ]
  },
  {
    "period": 1134,
    "numbers": [
      8,
      10,
      20,
      39,
      41,
      42
    ]
  },
  {
    "period": 1135,
    "numbers": [
      12,
      17,
      21,
      23,
      42,
      44
    ]
  },
  {
    "period": 1136,
    "numbers": [
      8,
      16,
      34,
      42,
      46,
      47
    ]
  },
  {
    "period": 1137,
    "numbers": [
      1,
      19,
      22,
      24,
      34,
      37
    ]
  },
  {
    "period": 1138,
    "numbers": [
      18,
      21,
      30,
      31,
      40,
      42
    ]
  },
  {
    "period": 1139,
    "numbers": [
      8,
      24,
      29,
      30,
      34,
      45
    ]
  },
  {
    "period": 1140,
    "numbers": [
      6,
      26,
      28,
      40,
      45,
      46
    ]
  },
  {
    "period": 1141,
    "numbers": [
      11,
      29,
      31,
      33,
      45,
      47
    ]
  },
  {
    "period": 1142,
    "numbers": [
      5,
      7,
      15,
      40,
      41,
      49
    ]
  },
  {
    "period": 1143,
    "numbers": [
      15,
      16,
      17,
      25,
      27,
      48
    ]
  },
  {
    "period": 1144,
    "numbers": [
      11,
      12,
      22,
      23,
      24,
      40
    ]
  },
  {
    "period": 1145,
    "numbers": [
      4,
      7,
      16,
      23,
      30,
      46
    ]
  },
  {
    "period": 1146,
    "numbers": [
      5,
      12,
      28,
      35,
      36,
      38
    ]
  },
  {
    "period": 1147,
    "numbers": [
      4,
      6,
      20,
      36,
      37,
      45
    ]
  },
  {
    "period": 1148,
    "numbers": [
      2,
      6,
      10,
      12,
      13,
      42
    ]
  },
  {
    "period": 1149,
    "numbers": [
      3,
      20,
      22,
      26,
      42,
      48
    ]
  },
  {
    "period": 1150,
    "numbers": [
      1,
      2,
      25,
      27,
      31,
      46
    ]
  },
  {
    "period": 1151,
    "numbers": [
      3,
      4,
      13,
      24,
      28,
      30
    ]
  },
  {
    "period": 1152,
    "numbers": [
      6,
      7,
      19,
      21,
      27,
      29
    ]
  },
  {
    "period": 1153,
    "numbers": [
      17,
      18,
      23,
      25,
      37,
      45
    ]
  },
  {
    "period": 1154,
    "numbers": [
      1,
      2,
      13,
      18,
      29,
      45
    ]
  },
  {
    "period": 1155,
    "numbers": [
      3,
      11,
      17,
      21,
      25,
      42
    ]
  },
  {
    "period": 1156,
    "numbers": [
      1,
      19,
      22,
      26,
      37,
      39
    ]
  },
  {
    "period": 1157,
    "numbers": [
      3,
      10,
      12,
      20,
      33,
      36
    ]
  },
  {
    "period": 1158,
    "numbers": [
      4,
      8,
      10,
      23,
      29,
      32
    ]
  },
  {
    "period": 1159,
    "numbers": [
      2,
      6,
      21,
      26,
      33,
      39
    ]
  },
  {
    "period": 1160,
    "numbers": [
      16,
      22,
      28,
      33,
      39,
      40
    ]
  },
  {
    "period": 1161,
    "numbers": [
      5,
      6,
      7,
      35,
      38,
      46
    ]
  },
  {
    "period": 1162,
    "numbers": [
      4,
      11,
      17,
      18,
      38,
      47
    ]
  },
  {
    "period": 1163,
    "numbers": [
      1,
      7,
      32,
      36,
      38,
      41
    ]
  },
  {
    "period": 1164,
    "numbers": [
      6,
      20,
      24,
      36,
      38,
      43
    ]
  },
  {
    "period": 1165,
    "numbers": [
      3,
      5,
      11,
      43,
      45,
      48
    ]
  },
  {
    "period": 1166,
    "numbers": [
      1,
      15,
      17,
      35,
      44,
      47
    ]
  },
  {
    "period": 1167,
    "numbers": [
      3,
      10,
      19,
      23,
      28,
      45
    ]
  },
  {
    "period": 1168,
    "numbers": [
      3,
      11,
      14,
      19,
      39,
      48
    ]
  },
  {
    "period": 1169,
    "numbers": [
      8,
      21,
      22,
      30,
      42,
      45
    ]
  },
  {
    "period": 1170,
    "numbers": [
      2,
      5,
      9,
      36,
      45,
      48
    ]
  },
  {
    "period": 1171,
    "numbers": [
      19,
      29,
      33,
      35,
      46,
      47
    ]
  },
  {
    "period": 1172,
    "numbers": [
      3,
      8,
      12,
      16,
      43,
      46
    ]
  },
  {
    "period": 1173,
    "numbers": [
      9,
      11,
      20,
      27,
      28,
      39
    ]
  },
  {
    "period": 1174,
    "numbers": [
      7,
      16,
      37,
      38,
      45,
      48
    ]
  },
  {
    "period": 1175,
    "numbers": [
      2,
      15,
      18,
      24,
      30,
      34
    ]
  },
  {
    "period": 1176,
    "numbers": [
      7,
      10,
      21,
      26,
      27,
      40
    ]
  },
  {
    "period": 1177,
    "numbers": [
      3,
      14,
      33,
      37,
      39,
      47
    ]
  },
  {
    "period": 1178,
    "numbers": [
      9,
      23,
      30,
      36,
      40,
      42
    ]
  },
  {
    "period": 1179,
    "numbers": [
      6,
      12,
      23,
      36,
      38,
      41
    ]
  },
  {
    "period": 1180,
    "numbers": [
      3,
      27,
      34,
      42,
      46,
      48
    ]
  },
  {
    "period": 1181,
    "numbers": [
      1,
      2,
      22,
      39,
      41,
      47
    ]
  },
  {
    "period": 1182,
    "numbers": [
      7,
      8,
      20,
      25,
      32,
      42
    ]
  },
  {
    "period": 1183,
    "numbers": [
      4,
      11,
      12,
      27,
      28,
      39
    ]
  },
  {
    "period": 1184,
    "numbers": [
      4,
      17,
      25,
      38,
      44,
      49
    ]
  },
  {
    "period": 1185,
    "numbers": [
      2,
      8,
      9,
      29,
      45,
      46
    ]
  },
  {
    "period": 1186,
    "numbers": [
      1,
      5,
      20,
      21,
      24,
      40
    ]
  },
  {
    "period": 1187,
    "numbers": [
      9,
      11,
      18,
      29,
      33,
      41
    ]
  },
  {
    "period": 1188,
    "numbers": [
      17,
      19,
      20,
      26,
      32,
      33
    ]
  },
  {
    "period": 1189,
    "numbers": [
      11,
      16,
      20,
      36,
      39,
      46
    ]
  },
  {
    "period": 1190,
    "numbers": [
      4,
      12,
      23,
      33,
      37,
      41
    ]
  },
  {
    "period": 1191,
    "numbers": [
      2,
      21,
      31,
      36,
      43,
      45
    ]
  },
  {
    "period": 1192,
    "numbers": [
      1,
      7,
      8,
      9,
      11,
      40
    ]
  },
  {
    "period": 1193,
    "numbers": [
      6,
      14,
      15,
      19,
      26,
      41
    ]
  },
  {
    "period": 1194,
    "numbers": [
      17,
      20,
      21,
      31,
      36,
      41
    ]
  },
  {
    "period": 1195,
    "numbers": [
      5,
      15,
      16,
      30,
      34,
      46
    ]
  },
  {
    "period": 1196,
    "numbers": [
      24,
      25,
      30,
      35,
      40,
      44
    ]
  },
  {
    "period": 1197,
    "numbers": [
      5,
      9,
      14,
      20,
      27,
      29
    ]
  },
  {
    "period": 1198,
    "numbers": [
      2,
      5,
      19,
      29,
      34,
      42
    ]
  },
  {
    "period": 1199,
    "numbers": [
      11,
      18,
      21,
      31,
      33,
      48
    ]
  }
]